<application>
  <component name="XDebuggerSettings">
    <data-views>
      <option name="showLibraryStackFrames" value="true" />
      <option name="valueLookupDelay" value="150" />
    </data-views>
    <general>
      <evaluation-dialog-mode>CODE_FRAGMENT</evaluation-dialog-mode>
    </general>
    <debuggers>
      <debugger id="dotnet_debugger">
        <configuration>
          <option name="needNotifyWhenStoppedInExternalCode" value="false" />
          <option name="userUnhandledExceptionsIgnoreList">
            <list>
              <option value="System.OperationCanceledException" />
              <option value="System.Threading.Tasks.TaskCanceledException" />
              <option value="System.Threading.ThreadAbortException" />
              <option value="System.InvalidOperationException" />
            </list>
          </option>
        </configuration>
      </debugger>
      <debugger id="ObjectiveC">
        <configuration>
          <child-process-debugging-settings />
          <macOS-symbol-settings />
          <nt-symbol-settings />
        </configuration>
      </debugger>
      <debugger id="javascript">
        <configuration>
          <custom-object-presentation />
        </configuration>
      </debugger>
    </debuggers>
  </component>
</application>