<application>
  <component name="FileTypeManager" version="19">
    <ignoreFiles list="*.pyc;*.pyo;*.rbc;*.yarb;.DS_Store;.git;.hg;.mypy_cache;.pytest_cache;.ruff_cache;.svn;CVS;__pycache__;_svn;vssver.scc;vssver2.scc" />
    <extensionMap>
      <mapping pattern=".env" type="PLAIN_TEXT" />
      <removed_mapping ext="bat" approved="true" type="Bat" />
      <removed_mapping ext="cmd" approved="true" type="Cmd" />
      <removed_mapping ext="ignore" approved="true" type="IgnoreLang file" />
      <removed_mapping ext="inputactions" approved="true" type="InputActions" />
      <removed_mapping ext="inputactions" approved="true" type="JSON" />
      <removed_mapping ext="tps" approved="true" type="XML" />
      <removed_mapping pattern=".env" approved="true" type=".env file" />
      <mapping ext=".model" type="Tabnine project model file" />
      <mapping ext=".tabnine" type="Tabnine project model file" />
      <mapping ext=".tabnine.model" type="Tabnine project model file" />
      <mapping ext="model" type="Tabnine project model file" />
      <mapping ext="tabnine" type="Tabnine project model file" />
    </extensionMap>
  </component>
</application>