<application>
  <component name="ProjectManager">
    <defaultProject>
      <component name="PropertiesComponent"><![CDATA[{}]]></component>
      <component name="VcsDirectoryMappings" defaultProject="true" />
      <component name="WindowStateProjectService">
        <state x="552" y="148" key="#com.intellij.openapi.updateSettings.impl.PluginUpdateInfoDialog" timestamp="1744537810557">
          <screen x="0" y="0" width="1920" height="1032" />
        </state>
        <state x="552" y="148" key="#com.intellij.openapi.updateSettings.impl.PluginUpdateInfoDialog/0.0.1920.1032" timestamp="1744537810557" />
        <state x="502" y="166" key="Rider.NewProjectDialog.Size" timestamp="1743519833011">
          <screen x="0" y="0" width="1920" height="1032" />
        </state>
        <state x="502" y="166" key="Rider.NewProjectDialog.Size/0.0.1920.1032" timestamp="1743519833011" />
      </component>
    </defaultProject>
  </component>
</application>