<application>
  <component name="Trusted.Paths">
    <option name="TRUSTED_PROJECT_PATHS">
      <map>
        <entry key="C:\Users\nguye\RiderProjects\ConsoleApp1" value="true" />
        <entry key="C:\Users\nguye\RiderProjects\LearnDocker" value="true" />
        <entry key="C:\Users\nguye\RiderProjects\WebApplication1" value="true" />
        <entry key="C:\Users\nguye\RiderProjects\WebApplication1\.idea\.idea.WebApplication1" value="true" />
        <entry key="C:\Users\nguye\RiderProjects\nshop" value="true" />
        <entry key="C:\Users\nguye\RiderProjects\nshop\.idea\.idea.nShop" value="true" />
      </map>
    </option>
  </component>
</application>