<application>
  <component name="DimensionService">
    <size key="GridCell.Tab.0.left.0.0.1920.1080" width="1854" height="479" />
    <size key="GridCell.Tab.0.center.0.0.1920.1080" width="1854" height="479" />
    <size key="GridCell.Tab.0.right.0.0.1920.1080" width="1854" height="479" />
    <size key="GridCell.Tab.0.bottom.0.0.1920.1080" width="1854" height="479" />
    <size key="GridCell.Tab.1.left.0.0.1920.1080" width="1854" height="479" />
    <size key="GridCell.Tab.1.center.0.0.1920.1080" width="1854" height="479" />
    <size key="GridCell.Tab.1.right.0.0.1920.1080" width="1854" height="479" />
    <size key="GridCell.Tab.1.bottom.0.0.1920.1080" width="1854" height="479" />
    <size key="GridCell.Tab.2.left.0.0.1920.1080" width="1854" height="479" />
    <size key="GridCell.Tab.2.center.0.0.1920.1080" width="1854" height="479" />
    <size key="GridCell.Tab.2.right.0.0.1920.1080" width="1854" height="479" />
    <size key="GridCell.Tab.2.bottom.0.0.1920.1080" width="1854" height="479" />
    <size key="GridCell.Tab.3.left.0.0.1920.1080" width="1854" height="479" />
    <size key="GridCell.Tab.3.center.0.0.1920.1080" width="1854" height="479" />
    <size key="GridCell.Tab.3.right.0.0.1920.1080" width="1854" height="479" />
    <size key="GridCell.Tab.3.bottom.0.0.1920.1080" width="1854" height="479" />
    <size key="GridCell.Tab.4.left.0.0.1920.1080" width="1854" height="479" />
    <size key="GridCell.Tab.4.center.0.0.1920.1080" width="1854" height="479" />
    <size key="GridCell.Tab.4.right.0.0.1920.1080" width="1854" height="479" />
    <size key="GridCell.Tab.4.bottom.0.0.1920.1080" width="1854" height="479" />
    <size key="GridCell.Tab.5.left.0.0.1920.1080" width="1854" height="479" />
    <size key="GridCell.Tab.5.center.0.0.1920.1080" width="1854" height="479" />
    <size key="GridCell.Tab.5.right.0.0.1920.1080" width="1854" height="479" />
    <size key="GridCell.Tab.5.bottom.0.0.1920.1080" width="1854" height="479" />
    <size key="GridCell.Tab.6.left.0.0.1920.1080" width="1854" height="479" />
    <size key="GridCell.Tab.6.center.0.0.1920.1080" width="1854" height="479" />
    <size key="GridCell.Tab.6.right.0.0.1920.1080" width="1854" height="479" />
    <size key="GridCell.Tab.6.bottom.0.0.1920.1080" width="1854" height="479" />
  </component>
  <component name="WindowManager">
    <frame x="-8" y="-8" width="1936" height="1048" />
  </component>
  <component name="WindowStateApplicationService">
    <state width="623" height="450" key="ShowUsagesActions.dimensionServiceKey" timestamp="1744539244365">
      <screen x="0" y="0" width="1920" height="1032" />
    </state>
    <state width="623" height="450" key="ShowUsagesActions.dimensionServiceKey/0.0.1920.1032" timestamp="1744539244365" />
    <state x="960" y="516" width="1936" height="1048" key="WELCOME_SCREEN" timestamp="1744809795808">
      <screen x="0" y="0" width="1920" height="1032" />
    </state>
    <state x="960" y="516" width="1936" height="1048" key="WELCOME_SCREEN/0.0.1920.1032" timestamp="1744809795808" />
  </component>
</application>