<keymap version="1" name="Visual Studio 2022 (Migrated)" parent="Visual Studio 2022">
  <action id="ActivateBigDataToolWindowToolWindow">
    <keyboard-shortcut first-keystroke="shift ctrl alt b" />
  </action>
  <action id="ChangesView.ViewOptions.ShowRelatedFiles">
    <keyboard-shortcut first-keystroke="f7" />
  </action>
  <action id="CompileDirty" />
  <action id="NextDiff">
    <keyboard-shortcut first-keystroke="f8" />
  </action>
  <action id="OpenWinFormsCodeAction" />
  <action id="ReformatCode">
    <keyboard-shortcut first-keystroke="ctrl alt enter" />
    <keyboard-shortcut first-keystroke="ctrl k" second-keystroke="f" />
    <keyboard-shortcut first-keystroke="ctrl k" second-keystroke="ctrl f" />
    <keyboard-shortcut first-keystroke="ctrl k" second-keystroke="d" />
    <keyboard-shortcut first-keystroke="ctrl k" second-keystroke="ctrl d" />
    <keyboard-shortcut first-keystroke="ctrl alt l" />
  </action>
  <action id="SwitchDesignerToCode" />
</keymap>